partner_code,source_name,source_note,source_iso_alpha3,source_is_group,partner_type,classification_status,map_iso3,reconciliation_role,source_url,retrieved_at,classification_source_url,classification_note,mapping_source_url,mapping_note
0,World,World,W00,true,world,verified,,world,https://comtradeapi.un.org/files/v1/app/reference/partnerAreas.json,2026-09-20T07:14:11.139874+00:00,https://comtradeapi.un.org/files/v1/app/reference/partnerAreas.json,Global total; separate from partner detail,,No individual country geometry for World
8,Albania,Albania,ALB,false,country,verified,ALB,detail,https://comtradeapi.un.org/files/v1/app/reference/partnerAreas.json,2026-09-20T07:14:11.139874+00:00,https://comtradeapi.un.org/files/v1/app/reference/partnerAreas.json ; https://unstats.un.org/unsd/methodology/m49/overview/,Reviewed single partner economy; includes countries and territories; M49 name: Albania,https://unstats.un.org/unsd/methodology/m49/overview/,Comtrade ISO matches UN M49 country/area; map geometry coverage must be checked in visualization phase
20,Andorra,Andorra,AND,false,country,verified,AND,detail,https://comtradeapi.un.org/files/v1/app/reference/partnerAreas.json,2026-09-20T07:14:11.139874+00:00,https://comtradeapi.un.org/files/v1/app/reference/partnerAreas.json ; https://unstats.un.org/unsd/methodology/m49/overview/,Reviewed single partner economy; includes countries and territories; M49 name: Andorra,https://unstats.un.org/unsd/methodology/m49/overview/,Comtrade ISO matches UN M49 country/area; map geometry coverage must be checked in visualization phase
32,Argentina,Argentina,ARG,false,country,verified,ARG,detail,https://comtradeapi.un.org/files/v1/app/reference/partnerAreas.json,2026-09-20T07:14:11.139874+00:00,https://comtradeapi.un.org/files/v1/app/reference/partnerAreas.json ; https://unstats.un.org/unsd/methodology/m49/overview/,Reviewed single partner economy; includes countries and territories; M49 name: Argentina,https://unstats.un.org/unsd/methodology/m49/overview/,Comtrade ISO matches UN M49 country/area; map geometry coverage must be checked in visualization phase
36,Australia,Australia,AUS,false,country,verified,AUS,detail,https://comtradeapi.un.org/files/v1/app/reference/partnerAreas.json,2026-09-20T07:14:11.139874+00:00,https://comtradeapi.un.org/files/v1/app/reference/partnerAreas.json ; https://unstats.un.org/unsd/methodology/m49/overview/,Reviewed single partner economy; includes countries and territories; M49 name: Australia,https://unstats.un.org/unsd/methodology/m49/overview/,Comtrade ISO matches UN M49 country/area; map geometry coverage must be checked in visualization phase
40,Austria,Austria,AUT,false,country,verified,AUT,detail,https://comtradeapi.un.org/files/v1/app/reference/partnerAreas.json,2026-09-20T07:14:11.139874+00:00,https://comtradeapi.un.org/files/v1/app/reference/partnerAreas.json ; https://unstats.un.org/unsd/methodology/m49/overview/,Reviewed single partner economy; includes countries and territories; M49 name: Austria,https://unstats.un.org/unsd/methodology/m49/overview/,Comtrade ISO matches UN M49 country/area; map geometry coverage must be checked in visualization phase
50,Bangladesh,Bangladesh,BGD,false,country,verified,BGD,detail,https://comtradeapi.un.org/files/v1/app/reference/partnerAreas.json,2026-09-20T07:14:11.139874+00:00,https://comtradeapi.un.org/files/v1/app/reference/partnerAreas.json ; https://unstats.un.org/unsd/methodology/m49/overview/,Reviewed single partner economy; includes countries and territories; M49 name: Bangladesh,https://unstats.un.org/unsd/methodology/m49/overview/,Comtrade ISO matches UN M49 country/area; map geometry coverage must be checked in visualization phase
51,Armenia,Armenia,ARM,false,country,verified,ARM,detail,https://comtradeapi.un.org/files/v1/app/reference/partnerAreas.json,2026-09-20T07:14:11.139874+00:00,https://comtradeapi.un.org/files/v1/app/reference/partnerAreas.json ; https://unstats.un.org/unsd/methodology/m49/overview/,Reviewed single partner economy; includes countries and territories; M49 name: Armenia,https://unstats.un.org/unsd/methodology/m49/overview/,Comtrade ISO matches UN M49 country/area; map geometry coverage must be checked in visualization phase
52,Barbados,Barbados,BRB,false,country,verified,BRB,detail,https://comtradeapi.un.org/files/v1/app/reference/partnerAreas.json,2026-09-20T07:14:11.139874+00:00,https://comtradeapi.un.org/files/v1/app/reference/partnerAreas.json ; https://unstats.un.org/unsd/methodology/m49/overview/,Reviewed single partner economy; includes countries and territories; M49 name: Barbados,https://unstats.un.org/unsd/methodology/m49/overview/,Comtrade ISO matches UN M49 country/area; map geometry coverage must be checked in visualization phase
56,Belgium,Belgium,BEL,false,country,verified,BEL,detail,https://comtradeapi.un.org/files/v1/app/reference/partnerAreas.json,2026-09-20T07:14:11.139874+00:00,https://comtradeapi.un.org/files/v1/app/reference/partnerAreas.json ; https://unstats.un.org/unsd/methodology/m49/overview/,Reviewed single partner economy; includes countries and territories; M49 name: Belgium,https://unstats.un.org/unsd/methodology/m49/overview/,Comtrade ISO matches UN M49 country/area; map geometry coverage must be checked in visualization phase
76,Brazil,Brazil,BRA,false,country,verified,BRA,detail,https://comtradeapi.un.org/files/v1/app/reference/partnerAreas.json,2026-09-20T07:14:11.139874+00:00,https://comtradeapi.un.org/files/v1/app/reference/partnerAreas.json ; https://unstats.un.org/unsd/methodology/m49/overview/,Reviewed single partner economy; includes countries and territories; M49 name: Brazil,https://unstats.un.org/unsd/methodology/m49/overview/,Comtrade ISO matches UN M49 country/area; map geometry coverage must be checked in visualization phase
100,Bulgaria,Bulgaria,BGR,false,country,verified,BGR,detail,https://comtradeapi.un.org/files/v1/app/reference/partnerAreas.json,2026-09-20T07:14:11.139874+00:00,https://comtradeapi.un.org/files/v1/app/reference/partnerAreas.json ; https://unstats.un.org/unsd/methodology/m49/overview/,Reviewed single partner economy; includes countries and territories; M49 name: Bulgaria,https://unstats.un.org/unsd/methodology/m49/overview/,Comtrade ISO matches UN M49 country/area; map geometry coverage must be checked in visualization phase
104,Myanmar,Myanmar,MMR,false,country,verified,MMR,detail,https://comtradeapi.un.org/files/v1/app/reference/partnerAreas.json,2026-09-20T07:14:11.139874+00:00,https://comtradeapi.un.org/files/v1/app/reference/partnerAreas.json ; https://unstats.un.org/unsd/methodology/m49/overview/,Reviewed single partner economy; includes countries and territories; M49 name: Myanmar,https://unstats.un.org/unsd/methodology/m49/overview/,Comtrade ISO matches UN M49 country/area; map geometry coverage must be checked in visualization phase
116,Cambodia,Cambodia,KHM,false,country,verified,KHM,detail,https://comtradeapi.un.org/files/v1/app/reference/partnerAreas.json,2026-09-20T07:14:11.139874+00:00,https://comtradeapi.un.org/files/v1/app/reference/partnerAreas.json ; https://unstats.un.org/unsd/methodology/m49/overview/,Reviewed single partner economy; includes countries and territories; M49 name: Cambodia,https://unstats.un.org/unsd/methodology/m49/overview/,Comtrade ISO matches UN M49 country/area; map geometry coverage must be checked in visualization phase
120,Cameroon,Cameroon,CMR,false,country,verified,CMR,detail,https://comtradeapi.un.org/files/v1/app/reference/partnerAreas.json,2026-09-20T07:14:11.139874+00:00,https://comtradeapi.un.org/files/v1/app/reference/partnerAreas.json ; https://unstats.un.org/unsd/methodology/m49/overview/,Reviewed single partner economy; includes countries and territories; M49 name: Cameroon,https://unstats.un.org/unsd/methodology/m49/overview/,Comtrade ISO matches UN M49 country/area; map geometry coverage must be checked in visualization phase
124,Canada,Canada,CAN,false,country,verified,CAN,detail,https://comtradeapi.un.org/files/v1/app/reference/partnerAreas.json,2026-09-20T07:14:11.139874+00:00,https://comtradeapi.un.org/files/v1/app/reference/partnerAreas.json ; https://unstats.un.org/unsd/methodology/m49/overview/,Reviewed single partner economy; includes countries and territories; M49 name: Canada,https://unstats.un.org/unsd/methodology/m49/overview/,Comtrade ISO matches UN M49 country/area; map geometry coverage must be checked in visualization phase
136,Cayman Isds,Cayman Islands,CYM,false,country,verified,CYM,detail,https://comtradeapi.un.org/files/v1/app/reference/partnerAreas.json,2026-09-20T07:14:11.139874+00:00,https://comtradeapi.un.org/files/v1/app/reference/partnerAreas.json ; https://unstats.un.org/unsd/methodology/m49/overview/,Reviewed single partner economy; includes countries and territories; M49 name: Cayman Islands,https://unstats.un.org/unsd/methodology/m49/overview/,Comtrade ISO matches UN M49 country/area; map geometry coverage must be checked in visualization phase
144,Sri Lanka,Sri Lanka,LKA,false,country,verified,LKA,detail,https://comtradeapi.un.org/files/v1/app/reference/partnerAreas.json,2026-09-20T07:14:11.139874+00:00,https://comtradeapi.un.org/files/v1/app/reference/partnerAreas.json ; https://unstats.un.org/unsd/methodology/m49/overview/,Reviewed single partner economy; includes countries and territories; M49 name: Sri Lanka,https://unstats.un.org/unsd/methodology/m49/overview/,Comtrade ISO matches UN M49 country/area; map geometry coverage must be checked in visualization phase
152,Chile,Chile,CHL,false,country,verified,CHL,detail,https://comtradeapi.un.org/files/v1/app/reference/partnerAreas.json,2026-09-20T07:14:11.139874+00:00,https://comtradeapi.un.org/files/v1/app/reference/partnerAreas.json ; https://unstats.un.org/unsd/methodology/m49/overview/,Reviewed single partner economy; includes countries and territories; M49 name: Chile,https://unstats.un.org/unsd/methodology/m49/overview/,Comtrade ISO matches UN M49 country/area; map geometry coverage must be checked in visualization phase
156,China,China,CHN,false,country,verified,CHN,detail,https://comtradeapi.un.org/files/v1/app/reference/partnerAreas.json,2026-09-20T07:14:11.139874+00:00,https://comtradeapi.un.org/files/v1/app/reference/partnerAreas.json ; https://unstats.un.org/unsd/methodology/m49/overview/,Reviewed single partner economy; includes countries and territories; M49 name: China,https://unstats.un.org/unsd/methodology/m49/overview/,Comtrade ISO matches UN M49 country/area; map geometry coverage must be checked in visualization phase
170,Colombia,Colombia,COL,false,country,verified,COL,detail,https://comtradeapi.un.org/files/v1/app/reference/partnerAreas.json,2026-09-20T07:14:11.139874+00:00,https://comtradeapi.un.org/files/v1/app/reference/partnerAreas.json ; https://unstats.un.org/unsd/methodology/m49/overview/,Reviewed single partner economy; includes countries and territories; M49 name: Colombia,https://unstats.un.org/unsd/methodology/m49/overview/,Comtrade ISO matches UN M49 country/area; map geometry coverage must be checked in visualization phase
184,Cook Isds,Cook Islands,COK,false,country,verified,COK,detail,https://comtradeapi.un.org/files/v1/app/reference/partnerAreas.json,2026-09-20T07:14:11.139874+00:00,https://comtradeapi.un.org/files/v1/app/reference/partnerAreas.json ; https://unstats.un.org/unsd/methodology/m49/overview/,Reviewed single partner economy; includes countries and territories; M49 name: Cook Islands,https://unstats.un.org/unsd/methodology/m49/overview/,Comtrade ISO matches UN M49 country/area; map geometry coverage must be checked in visualization phase
188,Costa Rica,Costa Rica,CRI,false,country,verified,CRI,detail,https://comtradeapi.un.org/files/v1/app/reference/partnerAreas.json,2026-09-20T07:14:11.139874+00:00,https://comtradeapi.un.org/files/v1/app/reference/partnerAreas.json ; https://unstats.un.org/unsd/methodology/m49/overview/,Reviewed single partner economy; includes countries and territories; M49 name: Costa Rica,https://unstats.un.org/unsd/methodology/m49/overview/,Comtrade ISO matches UN M49 country/area; map geometry coverage must be checked in visualization phase
191,Croatia,Croatia,HRV,false,country,verified,HRV,detail,https://comtradeapi.un.org/files/v1/app/reference/partnerAreas.json,2026-09-20T07:14:11.139874+00:00,https://comtradeapi.un.org/files/v1/app/reference/partnerAreas.json ; https://unstats.un.org/unsd/methodology/m49/overview/,Reviewed single partner economy; includes countries and territories; M49 name: Croatia,https://unstats.un.org/unsd/methodology/m49/overview/,Comtrade ISO matches UN M49 country/area; map geometry coverage must be checked in visualization phase
196,Cyprus,Cyprus,CYP,false,country,verified,CYP,detail,https://comtradeapi.un.org/files/v1/app/reference/partnerAreas.json,2026-09-20T07:14:11.139874+00:00,https://comtradeapi.un.org/files/v1/app/reference/partnerAreas.json ; https://unstats.un.org/unsd/methodology/m49/overview/,Reviewed single partner economy; includes countries and territories; M49 name: Cyprus,https://unstats.un.org/unsd/methodology/m49/overview/,Comtrade ISO matches UN M49 country/area; map geometry coverage must be checked in visualization phase
203,Czechia,Czechia,CZE,false,country,verified,CZE,detail,https://comtradeapi.un.org/files/v1/app/reference/partnerAreas.json,2026-09-20T07:14:11.139874+00:00,https://comtradeapi.un.org/files/v1/app/reference/partnerAreas.json ; https://unstats.un.org/unsd/methodology/m49/overview/,Reviewed single partner economy; includes countries and territories; M49 name: Czechia,https://unstats.un.org/unsd/methodology/m49/overview/,Comtrade ISO matches UN M49 country/area; map geometry coverage must be checked in visualization phase
204,Benin,Benin,BEN,false,country,verified,BEN,detail,https://comtradeapi.un.org/files/v1/app/reference/partnerAreas.json,2026-09-20T07:14:11.139874+00:00,https://comtradeapi.un.org/files/v1/app/reference/partnerAreas.json ; https://unstats.un.org/unsd/methodology/m49/overview/,Reviewed single partner economy; includes countries and territories; M49 name: Benin,https://unstats.un.org/unsd/methodology/m49/overview/,Comtrade ISO matches UN M49 country/area; map geometry coverage must be checked in visualization phase
208,Denmark,Denmark,DNK,false,country,verified,DNK,detail,https://comtradeapi.un.org/files/v1/app/reference/partnerAreas.json,2026-09-20T07:14:11.139874+00:00,https://comtradeapi.un.org/files/v1/app/reference/partnerAreas.json ; https://unstats.un.org/unsd/methodology/m49/overview/,Reviewed single partner economy; includes countries and territories; M49 name: Denmark,https://unstats.un.org/unsd/methodology/m49/overview/,Comtrade ISO matches UN M49 country/area; map geometry coverage must be checked in visualization phase
212,Dominica,Dominica,DMA,false,country,verified,DMA,detail,https://comtradeapi.un.org/files/v1/app/reference/partnerAreas.json,2026-09-20T07:14:11.139874+00:00,https://comtradeapi.un.org/files/v1/app/reference/partnerAreas.json ; https://unstats.un.org/unsd/methodology/m49/overview/,Reviewed single partner economy; includes countries and territories; M49 name: Dominica,https://unstats.un.org/unsd/methodology/m49/overview/,Comtrade ISO matches UN M49 country/area; map geometry coverage must be checked in visualization phase
214,Dominican Rep.,Dominican Republic,DOM,false,country,verified,DOM,detail,https://comtradeapi.un.org/files/v1/app/reference/partnerAreas.json,2026-09-20T07:14:11.139874+00:00,https://comtradeapi.un.org/files/v1/app/reference/partnerAreas.json ; https://unstats.un.org/unsd/methodology/m49/overview/,Reviewed single partner economy; includes countries and territories; M49 name: Dominican Republic,https://unstats.un.org/unsd/methodology/m49/overview/,Comtrade ISO matches UN M49 country/area; map geometry coverage must be checked in visualization phase
218,Ecuador,Ecuador,ECU,false,country,verified,ECU,detail,https://comtradeapi.un.org/files/v1/app/reference/partnerAreas.json,2026-09-20T07:14:11.139874+00:00,https://comtradeapi.un.org/files/v1/app/reference/partnerAreas.json ; https://unstats.un.org/unsd/methodology/m49/overview/,Reviewed single partner economy; includes countries and territories; M49 name: Ecuador,https://unstats.un.org/unsd/methodology/m49/overview/,Comtrade ISO matches UN M49 country/area; map geometry coverage must be checked in visualization phase
222,El Salvador,El Salvador,SLV,false,country,verified,SLV,detail,https://comtradeapi.un.org/files/v1/app/reference/partnerAreas.json,2026-09-20T07:14:11.139874+00:00,https://comtradeapi.un.org/files/v1/app/reference/partnerAreas.json ; https://unstats.un.org/unsd/methodology/m49/overview/,Reviewed single partner economy; includes countries and territories; M49 name: El Salvador,https://unstats.un.org/unsd/methodology/m49/overview/,Comtrade ISO matches UN M49 country/area; map geometry coverage must be checked in visualization phase
231,Ethiopia,Ethiopia,ETH,false,country,verified,ETH,detail,https://comtradeapi.un.org/files/v1/app/reference/partnerAreas.json,2026-09-20T07:14:11.139874+00:00,https://comtradeapi.un.org/files/v1/app/reference/partnerAreas.json ; https://unstats.un.org/unsd/methodology/m49/overview/,Reviewed single partner economy; includes countries and territories; M49 name: Ethiopia,https://unstats.un.org/unsd/methodology/m49/overview/,Comtrade ISO matches UN M49 country/area; map geometry coverage must be checked in visualization phase
233,Estonia,Estonia,EST,false,country,verified,EST,detail,https://comtradeapi.un.org/files/v1/app/reference/partnerAreas.json,2026-09-20T07:14:11.139874+00:00,https://comtradeapi.un.org/files/v1/app/reference/partnerAreas.json ; https://unstats.un.org/unsd/methodology/m49/overview/,Reviewed single partner economy; includes countries and territories; M49 name: Estonia,https://unstats.un.org/unsd/methodology/m49/overview/,Comtrade ISO matches UN M49 country/area; map geometry coverage must be checked in visualization phase
242,Fiji,Fiji,FJI,false,country,verified,FJI,detail,https://comtradeapi.un.org/files/v1/app/reference/partnerAreas.json,2026-09-20T07:14:11.139874+00:00,https://comtradeapi.un.org/files/v1/app/reference/partnerAreas.json ; https://unstats.un.org/unsd/methodology/m49/overview/,Reviewed single partner economy; includes countries and territories; M49 name: Fiji,https://unstats.un.org/unsd/methodology/m49/overview/,Comtrade ISO matches UN M49 country/area; map geometry coverage must be checked in visualization phase
246,Finland,Finland,FIN,false,country,verified,FIN,detail,https://comtradeapi.un.org/files/v1/app/reference/partnerAreas.json,2026-09-20T07:14:11.139874+00:00,https://comtradeapi.un.org/files/v1/app/reference/partnerAreas.json ; https://unstats.un.org/unsd/methodology/m49/overview/,Reviewed single partner economy; includes countries and territories; M49 name: Finland,https://unstats.un.org/unsd/methodology/m49/overview/,Comtrade ISO matches UN M49 country/area; map geometry coverage must be checked in visualization phase
251,France,"France, Monaco",FRA,false,country,verified,FRA,detail,https://comtradeapi.un.org/files/v1/app/reference/partnerAreas.json,2026-09-20T07:14:11.139874+00:00,https://comtradeapi.un.org/files/v1/app/reference/partnerAreas.json ; https://unstats.un.org/unsd/methodology/m49/overview/,Reviewed single partner economy; includes countries and territories; M49 name: France,https://unstats.un.org/unsd/methodology/m49/overview/,Comtrade ISO matches UN M49 country/area; map geometry coverage must be checked in visualization phase
258,French Polynesia,French Polynesia,PYF,false,country,verified,PYF,detail,https://comtradeapi.un.org/files/v1/app/reference/partnerAreas.json,2026-09-20T07:14:11.139874+00:00,https://comtradeapi.un.org/files/v1/app/reference/partnerAreas.json ; https://unstats.un.org/unsd/methodology/m49/overview/,Reviewed single partner economy; includes countries and territories; M49 name: French Polynesia,https://unstats.un.org/unsd/methodology/m49/overview/,Comtrade ISO matches UN M49 country/area; map geometry coverage must be checked in visualization phase
260,Fr. South Antarctic Terr.,French South Antarctic Territories,ATF,false,country,verified,ATF,detail,https://comtradeapi.un.org/files/v1/app/reference/partnerAreas.json,2026-09-20T07:14:11.139874+00:00,https://comtradeapi.un.org/files/v1/app/reference/partnerAreas.json ; https://unstats.un.org/unsd/methodology/m49/overview/,Reviewed single partner economy; includes countries and territories; M49 name: French Southern Territories,https://unstats.un.org/unsd/methodology/m49/overview/,Comtrade ISO matches UN M49 country/area; map geometry coverage must be checked in visualization phase
268,Georgia,Georgia,GEO,false,country,verified,GEO,detail,https://comtradeapi.un.org/files/v1/app/reference/partnerAreas.json,2026-09-20T07:14:11.139874+00:00,https://comtradeapi.un.org/files/v1/app/reference/partnerAreas.json ; https://unstats.un.org/unsd/methodology/m49/overview/,Reviewed single partner economy; includes countries and territories; M49 name: Georgia,https://unstats.un.org/unsd/methodology/m49/overview/,Comtrade ISO matches UN M49 country/area; map geometry coverage must be checked in visualization phase
270,Gambia,Gambia,GMB,false,country,verified,GMB,detail,https://comtradeapi.un.org/files/v1/app/reference/partnerAreas.json,2026-09-20T07:14:11.139874+00:00,https://comtradeapi.un.org/files/v1/app/reference/partnerAreas.json ; https://unstats.un.org/unsd/methodology/m49/overview/,Reviewed single partner economy; includes countries and territories; M49 name: Gambia,https://unstats.un.org/unsd/methodology/m49/overview/,Comtrade ISO matches UN M49 country/area; map geometry coverage must be checked in visualization phase
276,Germany,Germany,DEU,false,country,verified,DEU,detail,https://comtradeapi.un.org/files/v1/app/reference/partnerAreas.json,2026-09-20T07:14:11.139874+00:00,https://comtradeapi.un.org/files/v1/app/reference/partnerAreas.json ; https://unstats.un.org/unsd/methodology/m49/overview/,Reviewed single partner economy; includes countries and territories; M49 name: Germany,https://unstats.un.org/unsd/methodology/m49/overview/,Comtrade ISO matches UN M49 country/area; map geometry coverage must be checked in visualization phase
300,Greece,Greece,GRC,false,country,verified,GRC,detail,https://comtradeapi.un.org/files/v1/app/reference/partnerAreas.json,2026-09-20T07:14:11.139874+00:00,https://comtradeapi.un.org/files/v1/app/reference/partnerAreas.json ; https://unstats.un.org/unsd/methodology/m49/overview/,Reviewed single partner economy; includes countries and territories; M49 name: Greece,https://unstats.un.org/unsd/methodology/m49/overview/,Comtrade ISO matches UN M49 country/area; map geometry coverage must be checked in visualization phase
304,Greenland,Greenland,GRL,false,country,verified,GRL,detail,https://comtradeapi.un.org/files/v1/app/reference/partnerAreas.json,2026-09-20T07:14:11.139874+00:00,https://comtradeapi.un.org/files/v1/app/reference/partnerAreas.json ; https://unstats.un.org/unsd/methodology/m49/overview/,Reviewed single partner economy; includes countries and territories; M49 name: Greenland,https://unstats.un.org/unsd/methodology/m49/overview/,Comtrade ISO matches UN M49 country/area; map geometry coverage must be checked in visualization phase
324,Guinea,Guinea,GIN,false,country,verified,GIN,detail,https://comtradeapi.un.org/files/v1/app/reference/partnerAreas.json,2026-09-20T07:14:11.139874+00:00,https://comtradeapi.un.org/files/v1/app/reference/partnerAreas.json ; https://unstats.un.org/unsd/methodology/m49/overview/,Reviewed single partner economy; includes countries and territories; M49 name: Guinea,https://unstats.un.org/unsd/methodology/m49/overview/,Comtrade ISO matches UN M49 country/area; map geometry coverage must be checked in visualization phase
328,Guyana,Guyana,GUY,false,country,verified,GUY,detail,https://comtradeapi.un.org/files/v1/app/reference/partnerAreas.json,2026-09-20T07:14:11.139874+00:00,https://comtradeapi.un.org/files/v1/app/reference/partnerAreas.json ; https://unstats.un.org/unsd/methodology/m49/overview/,Reviewed single partner economy; includes countries and territories; M49 name: Guyana,https://unstats.un.org/unsd/methodology/m49/overview/,Comtrade ISO matches UN M49 country/area; map geometry coverage must be checked in visualization phase
332,Haiti,Haiti,HTI,false,country,verified,HTI,detail,https://comtradeapi.un.org/files/v1/app/reference/partnerAreas.json,2026-09-20T07:14:11.139874+00:00,https://comtradeapi.un.org/files/v1/app/reference/partnerAreas.json ; https://unstats.un.org/unsd/methodology/m49/overview/,Reviewed single partner economy; includes countries and territories; M49 name: Haiti,https://unstats.un.org/unsd/methodology/m49/overview/,Comtrade ISO matches UN M49 country/area; map geometry coverage must be checked in visualization phase
340,Honduras,Honduras,HND,false,country,verified,HND,detail,https://comtradeapi.un.org/files/v1/app/reference/partnerAreas.json,2026-09-20T07:14:11.139874+00:00,https://comtradeapi.un.org/files/v1/app/reference/partnerAreas.json ; https://unstats.un.org/unsd/methodology/m49/overview/,Reviewed single partner economy; includes countries and territories; M49 name: Honduras,https://unstats.un.org/unsd/methodology/m49/overview/,Comtrade ISO matches UN M49 country/area; map geometry coverage must be checked in visualization phase
344,"China, Hong Kong SAR","China, Hong Kong Special Administrative Region",HKG,false,country,verified,HKG,detail,https://comtradeapi.un.org/files/v1/app/reference/partnerAreas.json,2026-09-20T07:14:11.139874+00:00,https://comtradeapi.un.org/files/v1/app/reference/partnerAreas.json ; https://unstats.un.org/unsd/methodology/m49/overview/,"Reviewed single partner economy; includes countries and territories; M49 name: China, Hong Kong Special Administrative Region",https://unstats.un.org/unsd/methodology/m49/overview/,Comtrade ISO matches UN M49 country/area; map geometry coverage must be checked in visualization phase
348,Hungary,Hungary,HUN,false,country,verified,HUN,detail,https://comtradeapi.un.org/files/v1/app/reference/partnerAreas.json,2026-09-20T07:14:11.139874+00:00,https://comtradeapi.un.org/files/v1/app/reference/partnerAreas.json ; https://unstats.un.org/unsd/methodology/m49/overview/,Reviewed single partner economy; includes countries and territories; M49 name: Hungary,https://unstats.un.org/unsd/methodology/m49/overview/,Comtrade ISO matches UN M49 country/area; map geometry coverage must be checked in visualization phase
352,Iceland,Iceland,ISL,false,country,verified,ISL,detail,https://comtradeapi.un.org/files/v1/app/reference/partnerAreas.json,2026-09-20T07:14:11.139874+00:00,https://comtradeapi.un.org/files/v1/app/reference/partnerAreas.json ; https://unstats.un.org/unsd/methodology/m49/overview/,Reviewed single partner economy; includes countries and territories; M49 name: Iceland,https://unstats.un.org/unsd/methodology/m49/overview/,Comtrade ISO matches UN M49 country/area; map geometry coverage must be checked in visualization phase
360,Indonesia,Indonesia,IDN,false,country,verified,IDN,detail,https://comtradeapi.un.org/files/v1/app/reference/partnerAreas.json,2026-09-20T07:14:11.139874+00:00,https://comtradeapi.un.org/files/v1/app/reference/partnerAreas.json ; https://unstats.un.org/unsd/methodology/m49/overview/,Reviewed single partner economy; includes countries and territories; M49 name: Indonesia,https://unstats.un.org/unsd/methodology/m49/overview/,Comtrade ISO matches UN M49 country/area; map geometry coverage must be checked in visualization phase
372,Ireland,Ireland,IRL,false,country,verified,IRL,detail,https://comtradeapi.un.org/files/v1/app/reference/partnerAreas.json,2026-09-20T07:14:11.139874+00:00,https://comtradeapi.un.org/files/v1/app/reference/partnerAreas.json ; https://unstats.un.org/unsd/methodology/m49/overview/,Reviewed single partner economy; includes countries and territories; M49 name: Ireland,https://unstats.un.org/unsd/methodology/m49/overview/,Comtrade ISO matches UN M49 country/area; map geometry coverage must be checked in visualization phase
376,Israel,Israel,ISR,false,country,verified,ISR,detail,https://comtradeapi.un.org/files/v1/app/reference/partnerAreas.json,2026-09-20T07:14:11.139874+00:00,https://comtradeapi.un.org/files/v1/app/reference/partnerAreas.json ; https://unstats.un.org/unsd/methodology/m49/overview/,Reviewed single partner economy; includes countries and territories; M49 name: Israel,https://unstats.un.org/unsd/methodology/m49/overview/,Comtrade ISO matches UN M49 country/area; map geometry coverage must be checked in visualization phase
380,Italy,,ITA,false,country,verified,ITA,detail,https://comtradeapi.un.org/files/v1/app/reference/partnerAreas.json,2026-09-20T07:14:11.139874+00:00,https://comtradeapi.un.org/files/v1/app/reference/partnerAreas.json ; https://unstats.un.org/unsd/methodology/m49/overview/,Reviewed single partner economy; includes countries and territories; M49 name: Italy,https://unstats.un.org/unsd/methodology/m49/overview/,Comtrade ISO matches UN M49 country/area; map geometry coverage must be checked in visualization phase
384,Côte d'Ivoire,Côte d'Ivoire,CIV,false,country,verified,CIV,detail,https://comtradeapi.un.org/files/v1/app/reference/partnerAreas.json,2026-09-20T07:14:11.139874+00:00,https://comtradeapi.un.org/files/v1/app/reference/partnerAreas.json ; https://unstats.un.org/unsd/methodology/m49/overview/,Reviewed single partner economy; includes countries and territories; M49 name: Côte d’Ivoire,https://unstats.un.org/unsd/methodology/m49/overview/,Comtrade ISO matches UN M49 country/area; map geometry coverage must be checked in visualization phase
388,Jamaica,Jamaica,JAM,false,country,verified,JAM,detail,https://comtradeapi.un.org/files/v1/app/reference/partnerAreas.json,2026-09-20T07:14:11.139874+00:00,https://comtradeapi.un.org/files/v1/app/reference/partnerAreas.json ; https://unstats.un.org/unsd/methodology/m49/overview/,Reviewed single partner economy; includes countries and territories; M49 name: Jamaica,https://unstats.un.org/unsd/methodology/m49/overview/,Comtrade ISO matches UN M49 country/area; map geometry coverage must be checked in visualization phase
392,Japan,Japan,JPN,false,country,verified,JPN,detail,https://comtradeapi.un.org/files/v1/app/reference/partnerAreas.json,2026-09-20T07:14:11.139874+00:00,https://comtradeapi.un.org/files/v1/app/reference/partnerAreas.json ; https://unstats.un.org/unsd/methodology/m49/overview/,Reviewed single partner economy; includes countries and territories; M49 name: Japan,https://unstats.un.org/unsd/methodology/m49/overview/,Comtrade ISO matches UN M49 country/area; map geometry coverage must be checked in visualization phase
398,Kazakhstan,Kazakhstan,KAZ,false,country,verified,KAZ,detail,https://comtradeapi.un.org/files/v1/app/reference/partnerAreas.json,2026-09-20T07:14:11.139874+00:00,https://comtradeapi.un.org/files/v1/app/reference/partnerAreas.json ; https://unstats.un.org/unsd/methodology/m49/overview/,Reviewed single partner economy; includes countries and territories; M49 name: Kazakhstan,https://unstats.un.org/unsd/methodology/m49/overview/,Comtrade ISO matches UN M49 country/area; map geometry coverage must be checked in visualization phase
400,Jordan,Jordan,JOR,false,country,verified,JOR,detail,https://comtradeapi.un.org/files/v1/app/reference/partnerAreas.json,2026-09-20T07:14:11.139874+00:00,https://comtradeapi.un.org/files/v1/app/reference/partnerAreas.json ; https://unstats.un.org/unsd/methodology/m49/overview/,Reviewed single partner economy; includes countries and territories; M49 name: Jordan,https://unstats.un.org/unsd/methodology/m49/overview/,Comtrade ISO matches UN M49 country/area; map geometry coverage must be checked in visualization phase
404,Kenya,Kenya,KEN,false,country,verified,KEN,detail,https://comtradeapi.un.org/files/v1/app/reference/partnerAreas.json,2026-09-20T07:14:11.139874+00:00,https://comtradeapi.un.org/files/v1/app/reference/partnerAreas.json ; https://unstats.un.org/unsd/methodology/m49/overview/,Reviewed single partner economy; includes countries and territories; M49 name: Kenya,https://unstats.un.org/unsd/methodology/m49/overview/,Comtrade ISO matches UN M49 country/area; map geometry coverage must be checked in visualization phase
410,Rep. of Korea,Republic of Korea,KOR,false,country,verified,KOR,detail,https://comtradeapi.un.org/files/v1/app/reference/partnerAreas.json,2026-09-20T07:14:11.139874+00:00,https://comtradeapi.un.org/files/v1/app/reference/partnerAreas.json ; https://unstats.un.org/unsd/methodology/m49/overview/,Reviewed single partner economy; includes countries and territories; M49 name: Republic of Korea,https://unstats.un.org/unsd/methodology/m49/overview/,Comtrade ISO matches UN M49 country/area; map geometry coverage must be checked in visualization phase
428,Latvia,Latvia,LVA,false,country,verified,LVA,detail,https://comtradeapi.un.org/files/v1/app/reference/partnerAreas.json,2026-09-20T07:14:11.139874+00:00,https://comtradeapi.un.org/files/v1/app/reference/partnerAreas.json ; https://unstats.un.org/unsd/methodology/m49/overview/,Reviewed single partner economy; includes countries and territories; M49 name: Latvia,https://unstats.un.org/unsd/methodology/m49/overview/,Comtrade ISO matches UN M49 country/area; map geometry coverage must be checked in visualization phase
430,Liberia,Liberia,LBR,false,country,verified,LBR,detail,https://comtradeapi.un.org/files/v1/app/reference/partnerAreas.json,2026-09-20T07:14:11.139874+00:00,https://comtradeapi.un.org/files/v1/app/reference/partnerAreas.json ; https://unstats.un.org/unsd/methodology/m49/overview/,Reviewed single partner economy; includes countries and territories; M49 name: Liberia,https://unstats.un.org/unsd/methodology/m49/overview/,Comtrade ISO matches UN M49 country/area; map geometry coverage must be checked in visualization phase
440,Lithuania,Lithuania,LTU,false,country,verified,LTU,detail,https://comtradeapi.un.org/files/v1/app/reference/partnerAreas.json,2026-09-20T07:14:11.139874+00:00,https://comtradeapi.un.org/files/v1/app/reference/partnerAreas.json ; https://unstats.un.org/unsd/methodology/m49/overview/,Reviewed single partner economy; includes countries and territories; M49 name: Lithuania,https://unstats.un.org/unsd/methodology/m49/overview/,Comtrade ISO matches UN M49 country/area; map geometry coverage must be checked in visualization phase
442,Luxembourg,Luxembourg,LUX,false,country,verified,LUX,detail,https://comtradeapi.un.org/files/v1/app/reference/partnerAreas.json,2026-09-20T07:14:11.139874+00:00,https://comtradeapi.un.org/files/v1/app/reference/partnerAreas.json ; https://unstats.un.org/unsd/methodology/m49/overview/,Reviewed single partner economy; includes countries and territories; M49 name: Luxembourg,https://unstats.un.org/unsd/methodology/m49/overview/,Comtrade ISO matches UN M49 country/area; map geometry coverage must be checked in visualization phase
446,"China, Macao SAR","China, Macao Special Administrative Region",MAC,false,country,verified,MAC,detail,https://comtradeapi.un.org/files/v1/app/reference/partnerAreas.json,2026-09-20T07:14:11.139874+00:00,https://comtradeapi.un.org/files/v1/app/reference/partnerAreas.json ; https://unstats.un.org/unsd/methodology/m49/overview/,"Reviewed single partner economy; includes countries and territories; M49 name: China, Macao Special Administrative Region",https://unstats.un.org/unsd/methodology/m49/overview/,Comtrade ISO matches UN M49 country/area; map geometry coverage must be checked in visualization phase
450,Madagascar,Madagascar,MDG,false,country,verified,MDG,detail,https://comtradeapi.un.org/files/v1/app/reference/partnerAreas.json,2026-09-20T07:14:11.139874+00:00,https://comtradeapi.un.org/files/v1/app/reference/partnerAreas.json ; https://unstats.un.org/unsd/methodology/m49/overview/,Reviewed single partner economy; includes countries and territories; M49 name: Madagascar,https://unstats.un.org/unsd/methodology/m49/overview/,Comtrade ISO matches UN M49 country/area; map geometry coverage must be checked in visualization phase
454,Malawi,Malawi,MWI,false,country,verified,MWI,detail,https://comtradeapi.un.org/files/v1/app/reference/partnerAreas.json,2026-09-20T07:14:11.139874+00:00,https://comtradeapi.un.org/files/v1/app/reference/partnerAreas.json ; https://unstats.un.org/unsd/methodology/m49/overview/,Reviewed single partner economy; includes countries and territories; M49 name: Malawi,https://unstats.un.org/unsd/methodology/m49/overview/,Comtrade ISO matches UN M49 country/area; map geometry coverage must be checked in visualization phase
458,Malaysia,Malaysia,MYS,false,country,verified,MYS,detail,https://comtradeapi.un.org/files/v1/app/reference/partnerAreas.json,2026-09-20T07:14:11.139874+00:00,https://comtradeapi.un.org/files/v1/app/reference/partnerAreas.json ; https://unstats.un.org/unsd/methodology/m49/overview/,Reviewed single partner economy; includes countries and territories; M49 name: Malaysia,https://unstats.un.org/unsd/methodology/m49/overview/,Comtrade ISO matches UN M49 country/area; map geometry coverage must be checked in visualization phase
462,Maldives,Maldives,MDV,false,country,verified,MDV,detail,https://comtradeapi.un.org/files/v1/app/reference/partnerAreas.json,2026-09-20T07:14:11.139874+00:00,https://comtradeapi.un.org/files/v1/app/reference/partnerAreas.json ; https://unstats.un.org/unsd/methodology/m49/overview/,Reviewed single partner economy; includes countries and territories; M49 name: Maldives,https://unstats.un.org/unsd/methodology/m49/overview/,Comtrade ISO matches UN M49 country/area; map geometry coverage must be checked in visualization phase
466,Mali,Mali,MLI,false,country,verified,MLI,detail,https://comtradeapi.un.org/files/v1/app/reference/partnerAreas.json,2026-09-20T07:14:11.139874+00:00,https://comtradeapi.un.org/files/v1/app/reference/partnerAreas.json ; https://unstats.un.org/unsd/methodology/m49/overview/,Reviewed single partner economy; includes countries and territories; M49 name: Mali,https://unstats.un.org/unsd/methodology/m49/overview/,Comtrade ISO matches UN M49 country/area; map geometry coverage must be checked in visualization phase
470,Malta,Malta,MLT,false,country,verified,MLT,detail,https://comtradeapi.un.org/files/v1/app/reference/partnerAreas.json,2026-09-20T07:14:11.139874+00:00,https://comtradeapi.un.org/files/v1/app/reference/partnerAreas.json ; https://unstats.un.org/unsd/methodology/m49/overview/,Reviewed single partner economy; includes countries and territories; M49 name: Malta,https://unstats.un.org/unsd/methodology/m49/overview/,Comtrade ISO matches UN M49 country/area; map geometry coverage must be checked in visualization phase
478,Mauritania,Mauritania,MRT,false,country,verified,MRT,detail,https://comtradeapi.un.org/files/v1/app/reference/partnerAreas.json,2026-09-20T07:14:11.139874+00:00,https://comtradeapi.un.org/files/v1/app/reference/partnerAreas.json ; https://unstats.un.org/unsd/methodology/m49/overview/,Reviewed single partner economy; includes countries and territories; M49 name: Mauritania,https://unstats.un.org/unsd/methodology/m49/overview/,Comtrade ISO matches UN M49 country/area; map geometry coverage must be checked in visualization phase
480,Mauritius,Mauritius,MUS,false,country,verified,MUS,detail,https://comtradeapi.un.org/files/v1/app/reference/partnerAreas.json,2026-09-20T07:14:11.139874+00:00,https://comtradeapi.un.org/files/v1/app/reference/partnerAreas.json ; https://unstats.un.org/unsd/methodology/m49/overview/,Reviewed single partner economy; includes countries and territories; M49 name: Mauritius,https://unstats.un.org/unsd/methodology/m49/overview/,Comtrade ISO matches UN M49 country/area; map geometry coverage must be checked in visualization phase
484,Mexico,Mexico,MEX,false,country,verified,MEX,detail,https://comtradeapi.un.org/files/v1/app/reference/partnerAreas.json,2026-09-20T07:14:11.139874+00:00,https://comtradeapi.un.org/files/v1/app/reference/partnerAreas.json ; https://unstats.un.org/unsd/methodology/m49/overview/,Reviewed single partner economy; includes countries and territories; M49 name: Mexico,https://unstats.un.org/unsd/methodology/m49/overview/,Comtrade ISO matches UN M49 country/area; map geometry coverage must be checked in visualization phase
490,"Other Asia, nes","Other Asia, not elsewhere specified",S19,false,special,verified,,detail,https://comtradeapi.un.org/files/v1/app/reference/partnerAreas.json,2026-09-20T07:14:11.139874+00:00,https://comtradeapi.un.org/files/v1/app/reference/partnerAreas.json ; https://uncomtrade.org/docs/taiwan-province-of-china-trade-data/,Special code under docs/data-contract.md; Residual partner detail per UN Comtrade Taiwan FAQ; not an overlapping Asia total; S19 has no verified map ISO,,No verified mapping for S19; retain NULL
500,Montserrat,Montserrat,MSR,false,country,verified,MSR,detail,https://comtradeapi.un.org/files/v1/app/reference/partnerAreas.json,2026-09-20T07:14:11.139874+00:00,https://comtradeapi.un.org/files/v1/app/reference/partnerAreas.json ; https://unstats.un.org/unsd/methodology/m49/overview/,Reviewed single partner economy; includes countries and territories; M49 name: Montserrat,https://unstats.un.org/unsd/methodology/m49/overview/,Comtrade ISO matches UN M49 country/area; map geometry coverage must be checked in visualization phase
504,Morocco,Morocco,MAR,false,country,verified,MAR,detail,https://comtradeapi.un.org/files/v1/app/reference/partnerAreas.json,2026-09-20T07:14:11.139874+00:00,https://comtradeapi.un.org/files/v1/app/reference/partnerAreas.json ; https://unstats.un.org/unsd/methodology/m49/overview/,Reviewed single partner economy; includes countries and territories; M49 name: Morocco,https://unstats.un.org/unsd/methodology/m49/overview/,Comtrade ISO matches UN M49 country/area; map geometry coverage must be checked in visualization phase
508,Mozambique,Mozambique,MOZ,false,country,verified,MOZ,detail,https://comtradeapi.un.org/files/v1/app/reference/partnerAreas.json,2026-09-20T07:14:11.139874+00:00,https://comtradeapi.un.org/files/v1/app/reference/partnerAreas.json ; https://unstats.un.org/unsd/methodology/m49/overview/,Reviewed single partner economy; includes countries and territories; M49 name: Mozambique,https://unstats.un.org/unsd/methodology/m49/overview/,Comtrade ISO matches UN M49 country/area; map geometry coverage must be checked in visualization phase
512,Oman,Oman,OMN,false,country,verified,OMN,detail,https://comtradeapi.un.org/files/v1/app/reference/partnerAreas.json,2026-09-20T07:14:11.139874+00:00,https://comtradeapi.un.org/files/v1/app/reference/partnerAreas.json ; https://unstats.un.org/unsd/methodology/m49/overview/,Reviewed single partner economy; includes countries and territories; M49 name: Oman,https://unstats.un.org/unsd/methodology/m49/overview/,Comtrade ISO matches UN M49 country/area; map geometry coverage must be checked in visualization phase
516,Namibia,Namibia,NAM,false,country,verified,NAM,detail,https://comtradeapi.un.org/files/v1/app/reference/partnerAreas.json,2026-09-20T07:14:11.139874+00:00,https://comtradeapi.un.org/files/v1/app/reference/partnerAreas.json ; https://unstats.un.org/unsd/methodology/m49/overview/,Reviewed single partner economy; includes countries and territories; M49 name: Namibia,https://unstats.un.org/unsd/methodology/m49/overview/,Comtrade ISO matches UN M49 country/area; map geometry coverage must be checked in visualization phase
520,Naoero,the Republic of Naoero,NRU,false,country,verified,NRU,detail,https://comtradeapi.un.org/files/v1/app/reference/partnerAreas.json,2026-09-20T07:14:11.139874+00:00,https://comtradeapi.un.org/files/v1/app/reference/partnerAreas.json ; https://unstats.un.org/unsd/methodology/m49/overview/,Reviewed single partner economy; includes countries and territories; M49 name: Naoero,https://unstats.un.org/unsd/methodology/m49/overview/,Comtrade ISO matches UN M49 country/area; map geometry coverage must be checked in visualization phase
528,Netherlands,Netherlands,NLD,false,country,verified,NLD,detail,https://comtradeapi.un.org/files/v1/app/reference/partnerAreas.json,2026-09-20T07:14:11.139874+00:00,https://comtradeapi.un.org/files/v1/app/reference/partnerAreas.json ; https://unstats.un.org/unsd/methodology/m49/overview/,Reviewed single partner economy; includes countries and territories; M49 name: Netherlands (Kingdom of the),https://unstats.un.org/unsd/methodology/m49/overview/,Comtrade ISO matches UN M49 country/area; map geometry coverage must be checked in visualization phase
531,Curaçao,Curaçao,CUW,false,country,verified,CUW,detail,https://comtradeapi.un.org/files/v1/app/reference/partnerAreas.json,2026-09-20T07:14:11.139874+00:00,https://comtradeapi.un.org/files/v1/app/reference/partnerAreas.json ; https://unstats.un.org/unsd/methodology/m49/overview/,Reviewed single partner economy; includes countries and territories; M49 name: Curaçao,https://unstats.un.org/unsd/methodology/m49/overview/,Comtrade ISO matches UN M49 country/area; map geometry coverage must be checked in visualization phase
540,New Caledonia,New Caledonia,NCL,false,country,verified,NCL,detail,https://comtradeapi.un.org/files/v1/app/reference/partnerAreas.json,2026-09-20T07:14:11.139874+00:00,https://comtradeapi.un.org/files/v1/app/reference/partnerAreas.json ; https://unstats.un.org/unsd/methodology/m49/overview/,Reviewed single partner economy; includes countries and territories; M49 name: New Caledonia,https://unstats.un.org/unsd/methodology/m49/overview/,Comtrade ISO matches UN M49 country/area; map geometry coverage must be checked in visualization phase
554,New Zealand,New Zealand,NZL,false,country,verified,NZL,detail,https://comtradeapi.un.org/files/v1/app/reference/partnerAreas.json,2026-09-20T07:14:11.139874+00:00,https://comtradeapi.un.org/files/v1/app/reference/partnerAreas.json ; https://unstats.un.org/unsd/methodology/m49/overview/,Reviewed single partner economy; includes countries and territories; M49 name: New Zealand,https://unstats.un.org/unsd/methodology/m49/overview/,Comtrade ISO matches UN M49 country/area; map geometry coverage must be checked in visualization phase
562,Niger,Niger,NER,false,country,verified,NER,detail,https://comtradeapi.un.org/files/v1/app/reference/partnerAreas.json,2026-09-20T07:14:11.139874+00:00,https://comtradeapi.un.org/files/v1/app/reference/partnerAreas.json ; https://unstats.un.org/unsd/methodology/m49/overview/,Reviewed single partner economy; includes countries and territories; M49 name: Niger,https://unstats.un.org/unsd/methodology/m49/overview/,Comtrade ISO matches UN M49 country/area; map geometry coverage must be checked in visualization phase
579,Norway,"Norway, Svalbard and Jan Mayen",NOR,false,country,verified,NOR,detail,https://comtradeapi.un.org/files/v1/app/reference/partnerAreas.json,2026-09-20T07:14:11.139874+00:00,https://comtradeapi.un.org/files/v1/app/reference/partnerAreas.json ; https://unstats.un.org/unsd/methodology/m49/overview/,Reviewed single partner economy; includes countries and territories; M49 name: Norway,https://unstats.un.org/unsd/methodology/m49/overview/,Comtrade ISO matches UN M49 country/area; map geometry coverage must be checked in visualization phase
583,FS Micronesia,Federated State of Micronesia,FSM,false,country,verified,FSM,detail,https://comtradeapi.un.org/files/v1/app/reference/partnerAreas.json,2026-09-20T07:14:11.139874+00:00,https://comtradeapi.un.org/files/v1/app/reference/partnerAreas.json ; https://unstats.un.org/unsd/methodology/m49/overview/,Reviewed single partner economy; includes countries and territories; M49 name: Micronesia (Federated States of),https://unstats.un.org/unsd/methodology/m49/overview/,Comtrade ISO matches UN M49 country/area; map geometry coverage must be checked in visualization phase
586,Pakistan,Pakistan,PAK,false,country,verified,PAK,detail,https://comtradeapi.un.org/files/v1/app/reference/partnerAreas.json,2026-09-20T07:14:11.139874+00:00,https://comtradeapi.un.org/files/v1/app/reference/partnerAreas.json ; https://unstats.un.org/unsd/methodology/m49/overview/,Reviewed single partner economy; includes countries and territories; M49 name: Pakistan,https://unstats.un.org/unsd/methodology/m49/overview/,Comtrade ISO matches UN M49 country/area; map geometry coverage must be checked in visualization phase
591,Panama,Panama,PAN,false,country,verified,PAN,detail,https://comtradeapi.un.org/files/v1/app/reference/partnerAreas.json,2026-09-20T07:14:11.139874+00:00,https://comtradeapi.un.org/files/v1/app/reference/partnerAreas.json ; https://unstats.un.org/unsd/methodology/m49/overview/,Reviewed single partner economy; includes countries and territories; M49 name: Panama,https://unstats.un.org/unsd/methodology/m49/overview/,Comtrade ISO matches UN M49 country/area; map geometry coverage must be checked in visualization phase
598,Papua New Guinea,Papua New Guinea,PNG,false,country,verified,PNG,detail,https://comtradeapi.un.org/files/v1/app/reference/partnerAreas.json,2026-09-20T07:14:11.139874+00:00,https://comtradeapi.un.org/files/v1/app/reference/partnerAreas.json ; https://unstats.un.org/unsd/methodology/m49/overview/,Reviewed single partner economy; includes countries and territories; M49 name: Papua New Guinea,https://unstats.un.org/unsd/methodology/m49/overview/,Comtrade ISO matches UN M49 country/area; map geometry coverage must be checked in visualization phase
604,Peru,Peru,PER,false,country,verified,PER,detail,https://comtradeapi.un.org/files/v1/app/reference/partnerAreas.json,2026-09-20T07:14:11.139874+00:00,https://comtradeapi.un.org/files/v1/app/reference/partnerAreas.json ; https://unstats.un.org/unsd/methodology/m49/overview/,Reviewed single partner economy; includes countries and territories; M49 name: Peru,https://unstats.un.org/unsd/methodology/m49/overview/,Comtrade ISO matches UN M49 country/area; map geometry coverage must be checked in visualization phase
608,Philippines,Philippines,PHL,false,country,verified,PHL,detail,https://comtradeapi.un.org/files/v1/app/reference/partnerAreas.json,2026-09-20T07:14:11.139874+00:00,https://comtradeapi.un.org/files/v1/app/reference/partnerAreas.json ; https://unstats.un.org/unsd/methodology/m49/overview/,Reviewed single partner economy; includes countries and territories; M49 name: Philippines,https://unstats.un.org/unsd/methodology/m49/overview/,Comtrade ISO matches UN M49 country/area; map geometry coverage must be checked in visualization phase
616,Poland,Poland,POL,false,country,verified,POL,detail,https://comtradeapi.un.org/files/v1/app/reference/partnerAreas.json,2026-09-20T07:14:11.139874+00:00,https://comtradeapi.un.org/files/v1/app/reference/partnerAreas.json ; https://unstats.un.org/unsd/methodology/m49/overview/,Reviewed single partner economy; includes countries and territories; M49 name: Poland,https://unstats.un.org/unsd/methodology/m49/overview/,Comtrade ISO matches UN M49 country/area; map geometry coverage must be checked in visualization phase
620,Portugal,Portugal,PRT,false,country,verified,PRT,detail,https://comtradeapi.un.org/files/v1/app/reference/partnerAreas.json,2026-09-20T07:14:11.139874+00:00,https://comtradeapi.un.org/files/v1/app/reference/partnerAreas.json ; https://unstats.un.org/unsd/methodology/m49/overview/,Reviewed single partner economy; includes countries and territories; M49 name: Portugal,https://unstats.un.org/unsd/methodology/m49/overview/,Comtrade ISO matches UN M49 country/area; map geometry coverage must be checked in visualization phase
626,Timor-Leste,Timor-Leste,TLS,false,country,verified,TLS,detail,https://comtradeapi.un.org/files/v1/app/reference/partnerAreas.json,2026-09-20T07:14:11.139874+00:00,https://comtradeapi.un.org/files/v1/app/reference/partnerAreas.json ; https://unstats.un.org/unsd/methodology/m49/overview/,Reviewed single partner economy; includes countries and territories; M49 name: Timor-Leste,https://unstats.un.org/unsd/methodology/m49/overview/,Comtrade ISO matches UN M49 country/area; map geometry coverage must be checked in visualization phase
642,Romania,Romania,ROU,false,country,verified,ROU,detail,https://comtradeapi.un.org/files/v1/app/reference/partnerAreas.json,2026-09-20T07:14:11.139874+00:00,https://comtradeapi.un.org/files/v1/app/reference/partnerAreas.json ; https://unstats.un.org/unsd/methodology/m49/overview/,Reviewed single partner economy; includes countries and territories; M49 name: Romania,https://unstats.un.org/unsd/methodology/m49/overview/,Comtrade ISO matches UN M49 country/area; map geometry coverage must be checked in visualization phase
643,Russian Federation,Russian Federation,RUS,false,country,verified,RUS,detail,https://comtradeapi.un.org/files/v1/app/reference/partnerAreas.json,2026-09-20T07:14:11.139874+00:00,https://comtradeapi.un.org/files/v1/app/reference/partnerAreas.json ; https://unstats.un.org/unsd/methodology/m49/overview/,Reviewed single partner economy; includes countries and territories; M49 name: Russian Federation,https://unstats.un.org/unsd/methodology/m49/overview/,Comtrade ISO matches UN M49 country/area; map geometry coverage must be checked in visualization phase
646,Rwanda,Rwanda,RWA,false,country,verified,RWA,detail,https://comtradeapi.un.org/files/v1/app/reference/partnerAreas.json,2026-09-20T07:14:11.139874+00:00,https://comtradeapi.un.org/files/v1/app/reference/partnerAreas.json ; https://unstats.un.org/unsd/methodology/m49/overview/,Reviewed single partner economy; includes countries and territories; M49 name: Rwanda,https://unstats.un.org/unsd/methodology/m49/overview/,Comtrade ISO matches UN M49 country/area; map geometry coverage must be checked in visualization phase
654,Saint Helena,Saint Helena,SHN,false,country,verified,SHN,detail,https://comtradeapi.un.org/files/v1/app/reference/partnerAreas.json,2026-09-20T07:14:11.139874+00:00,https://comtradeapi.un.org/files/v1/app/reference/partnerAreas.json ; https://unstats.un.org/unsd/methodology/m49/overview/,Reviewed single partner economy; includes countries and territories; M49 name: Saint Helena,https://unstats.un.org/unsd/methodology/m49/overview/,Comtrade ISO matches UN M49 country/area; map geometry coverage must be checked in visualization phase
659,Saint Kitts and Nevis,Saint Kitts and Nevis,KNA,false,country,verified,KNA,detail,https://comtradeapi.un.org/files/v1/app/reference/partnerAreas.json,2026-09-20T07:14:11.139874+00:00,https://comtradeapi.un.org/files/v1/app/reference/partnerAreas.json ; https://unstats.un.org/unsd/methodology/m49/overview/,Reviewed single partner economy; includes countries and territories; M49 name: Saint Kitts and Nevis,https://unstats.un.org/unsd/methodology/m49/overview/,Comtrade ISO matches UN M49 country/area; map geometry coverage must be checked in visualization phase
662,Saint Lucia,Saint Lucia,LCA,false,country,verified,LCA,detail,https://comtradeapi.un.org/files/v1/app/reference/partnerAreas.json,2026-09-20T07:14:11.139874+00:00,https://comtradeapi.un.org/files/v1/app/reference/partnerAreas.json ; https://unstats.un.org/unsd/methodology/m49/overview/,Reviewed single partner economy; includes countries and territories; M49 name: Saint Lucia,https://unstats.un.org/unsd/methodology/m49/overview/,Comtrade ISO matches UN M49 country/area; map geometry coverage must be checked in visualization phase
674,San Marino,San Marino,SMR,false,country,verified,SMR,detail,https://comtradeapi.un.org/files/v1/app/reference/partnerAreas.json,2026-09-20T07:14:11.139874+00:00,https://comtradeapi.un.org/files/v1/app/reference/partnerAreas.json ; https://unstats.un.org/unsd/methodology/m49/overview/,Reviewed single partner economy; includes countries and territories; M49 name: San Marino,https://unstats.un.org/unsd/methodology/m49/overview/,Comtrade ISO matches UN M49 country/area; map geometry coverage must be checked in visualization phase
678,Sao Tome and Principe,Sao Tome and Principe,STP,false,country,verified,STP,detail,https://comtradeapi.un.org/files/v1/app/reference/partnerAreas.json,2026-09-20T07:14:11.139874+00:00,https://comtradeapi.un.org/files/v1/app/reference/partnerAreas.json ; https://unstats.un.org/unsd/methodology/m49/overview/,Reviewed single partner economy; includes countries and territories; M49 name: Sao Tome and Principe,https://unstats.un.org/unsd/methodology/m49/overview/,Comtrade ISO matches UN M49 country/area; map geometry coverage must be checked in visualization phase
682,Saudi Arabia,Saudi Arabia,SAU,false,country,verified,SAU,detail,https://comtradeapi.un.org/files/v1/app/reference/partnerAreas.json,2026-09-20T07:14:11.139874+00:00,https://comtradeapi.un.org/files/v1/app/reference/partnerAreas.json ; https://unstats.un.org/unsd/methodology/m49/overview/,Reviewed single partner economy; includes countries and territories; M49 name: Saudi Arabia,https://unstats.un.org/unsd/methodology/m49/overview/,Comtrade ISO matches UN M49 country/area; map geometry coverage must be checked in visualization phase
688,Serbia,Serbia,SRB,false,country,verified,SRB,detail,https://comtradeapi.un.org/files/v1/app/reference/partnerAreas.json,2026-09-20T07:14:11.139874+00:00,https://comtradeapi.un.org/files/v1/app/reference/partnerAreas.json ; https://unstats.un.org/unsd/methodology/m49/overview/,Reviewed single partner economy; includes countries and territories; M49 name: Serbia,https://unstats.un.org/unsd/methodology/m49/overview/,Comtrade ISO matches UN M49 country/area; map geometry coverage must be checked in visualization phase
690,Seychelles,Seychelles,SYC,false,country,verified,SYC,detail,https://comtradeapi.un.org/files/v1/app/reference/partnerAreas.json,2026-09-20T07:14:11.139874+00:00,https://comtradeapi.un.org/files/v1/app/reference/partnerAreas.json ; https://unstats.un.org/unsd/methodology/m49/overview/,Reviewed single partner economy; includes countries and territories; M49 name: Seychelles,https://unstats.un.org/unsd/methodology/m49/overview/,Comtrade ISO matches UN M49 country/area; map geometry coverage must be checked in visualization phase
694,Sierra Leone,Sierra Leone,SLE,false,country,verified,SLE,detail,https://comtradeapi.un.org/files/v1/app/reference/partnerAreas.json,2026-09-20T07:14:11.139874+00:00,https://comtradeapi.un.org/files/v1/app/reference/partnerAreas.json ; https://unstats.un.org/unsd/methodology/m49/overview/,Reviewed single partner economy; includes countries and territories; M49 name: Sierra Leone,https://unstats.un.org/unsd/methodology/m49/overview/,Comtrade ISO matches UN M49 country/area; map geometry coverage must be checked in visualization phase
699,India,India,IND,false,country,verified,IND,detail,https://comtradeapi.un.org/files/v1/app/reference/partnerAreas.json,2026-09-20T07:14:11.139874+00:00,https://comtradeapi.un.org/files/v1/app/reference/partnerAreas.json ; https://unstats.un.org/unsd/methodology/m49/overview/,Reviewed single partner economy; includes countries and territories; M49 name: India,https://unstats.un.org/unsd/methodology/m49/overview/,Comtrade ISO matches UN M49 country/area; map geometry coverage must be checked in visualization phase
702,Singapore,Singapore,SGP,false,country,verified,SGP,detail,https://comtradeapi.un.org/files/v1/app/reference/partnerAreas.json,2026-09-20T07:14:11.139874+00:00,https://comtradeapi.un.org/files/v1/app/reference/partnerAreas.json ; https://unstats.un.org/unsd/methodology/m49/overview/,Reviewed single partner economy; includes countries and territories; M49 name: Singapore,https://unstats.un.org/unsd/methodology/m49/overview/,Comtrade ISO matches UN M49 country/area; map geometry coverage must be checked in visualization phase
703,Slovakia,Slovakia,SVK,false,country,verified,SVK,detail,https://comtradeapi.un.org/files/v1/app/reference/partnerAreas.json,2026-09-20T07:14:11.139874+00:00,https://comtradeapi.un.org/files/v1/app/reference/partnerAreas.json ; https://unstats.un.org/unsd/methodology/m49/overview/,Reviewed single partner economy; includes countries and territories; M49 name: Slovakia,https://unstats.un.org/unsd/methodology/m49/overview/,Comtrade ISO matches UN M49 country/area; map geometry coverage must be checked in visualization phase
704,Viet Nam,Viet Nam,VNM,false,country,verified,VNM,detail,https://comtradeapi.un.org/files/v1/app/reference/partnerAreas.json,2026-09-20T07:14:11.139874+00:00,https://comtradeapi.un.org/files/v1/app/reference/partnerAreas.json ; https://unstats.un.org/unsd/methodology/m49/overview/,Reviewed single partner economy; includes countries and territories; M49 name: Viet Nam,https://unstats.un.org/unsd/methodology/m49/overview/,Comtrade ISO matches UN M49 country/area; map geometry coverage must be checked in visualization phase
705,Slovenia,Slovenia,SVN,false,country,verified,SVN,detail,https://comtradeapi.un.org/files/v1/app/reference/partnerAreas.json,2026-09-20T07:14:11.139874+00:00,https://comtradeapi.un.org/files/v1/app/reference/partnerAreas.json ; https://unstats.un.org/unsd/methodology/m49/overview/,Reviewed single partner economy; includes countries and territories; M49 name: Slovenia,https://unstats.un.org/unsd/methodology/m49/overview/,Comtrade ISO matches UN M49 country/area; map geometry coverage must be checked in visualization phase
710,South Africa,South Africa,ZAF,false,country,verified,ZAF,detail,https://comtradeapi.un.org/files/v1/app/reference/partnerAreas.json,2026-09-20T07:14:11.139874+00:00,https://comtradeapi.un.org/files/v1/app/reference/partnerAreas.json ; https://unstats.un.org/unsd/methodology/m49/overview/,Reviewed single partner economy; includes countries and territories; M49 name: South Africa,https://unstats.un.org/unsd/methodology/m49/overview/,Comtrade ISO matches UN M49 country/area; map geometry coverage must be checked in visualization phase
724,Spain,Spain,ESP,false,country,verified,ESP,detail,https://comtradeapi.un.org/files/v1/app/reference/partnerAreas.json,2026-09-20T07:14:11.139874+00:00,https://comtradeapi.un.org/files/v1/app/reference/partnerAreas.json ; https://unstats.un.org/unsd/methodology/m49/overview/,Reviewed single partner economy; includes countries and territories; M49 name: Spain,https://unstats.un.org/unsd/methodology/m49/overview/,Comtrade ISO matches UN M49 country/area; map geometry coverage must be checked in visualization phase
740,Suriname,Suriname,SUR,false,country,verified,SUR,detail,https://comtradeapi.un.org/files/v1/app/reference/partnerAreas.json,2026-09-20T07:14:11.139874+00:00,https://comtradeapi.un.org/files/v1/app/reference/partnerAreas.json ; https://unstats.un.org/unsd/methodology/m49/overview/,Reviewed single partner economy; includes countries and territories; M49 name: Suriname,https://unstats.un.org/unsd/methodology/m49/overview/,Comtrade ISO matches UN M49 country/area; map geometry coverage must be checked in visualization phase
748,Eswatini,the Kingdom of Eswatini,SWZ,false,country,verified,SWZ,detail,https://comtradeapi.un.org/files/v1/app/reference/partnerAreas.json,2026-09-20T07:14:11.139874+00:00,https://comtradeapi.un.org/files/v1/app/reference/partnerAreas.json ; https://unstats.un.org/unsd/methodology/m49/overview/,Reviewed single partner economy; includes countries and territories; M49 name: Eswatini,https://unstats.un.org/unsd/methodology/m49/overview/,Comtrade ISO matches UN M49 country/area; map geometry coverage must be checked in visualization phase
752,Sweden,Sweden,SWE,false,country,verified,SWE,detail,https://comtradeapi.un.org/files/v1/app/reference/partnerAreas.json,2026-09-20T07:14:11.139874+00:00,https://comtradeapi.un.org/files/v1/app/reference/partnerAreas.json ; https://unstats.un.org/unsd/methodology/m49/overview/,Reviewed single partner economy; includes countries and territories; M49 name: Sweden,https://unstats.un.org/unsd/methodology/m49/overview/,Comtrade ISO matches UN M49 country/area; map geometry coverage must be checked in visualization phase
757,Switzerland,"Switzerland, Liechtenstein",CHE,false,country,verified,CHE,detail,https://comtradeapi.un.org/files/v1/app/reference/partnerAreas.json,2026-09-20T07:14:11.139874+00:00,https://comtradeapi.un.org/files/v1/app/reference/partnerAreas.json ; https://unstats.un.org/unsd/methodology/m49/overview/,Reviewed single partner economy; includes countries and territories; M49 name: Switzerland,https://unstats.un.org/unsd/methodology/m49/overview/,Comtrade ISO matches UN M49 country/area; map geometry coverage must be checked in visualization phase
762,Tajikistan,Tajikistan,TJK,false,country,verified,TJK,detail,https://comtradeapi.un.org/files/v1/app/reference/partnerAreas.json,2026-09-20T07:14:11.139874+00:00,https://comtradeapi.un.org/files/v1/app/reference/partnerAreas.json ; https://unstats.un.org/unsd/methodology/m49/overview/,Reviewed single partner economy; includes countries and territories; M49 name: Tajikistan,https://unstats.un.org/unsd/methodology/m49/overview/,Comtrade ISO matches UN M49 country/area; map geometry coverage must be checked in visualization phase
764,Thailand,Thailand,THA,false,country,verified,THA,detail,https://comtradeapi.un.org/files/v1/app/reference/partnerAreas.json,2026-09-20T07:14:11.139874+00:00,https://comtradeapi.un.org/files/v1/app/reference/partnerAreas.json ; https://unstats.un.org/unsd/methodology/m49/overview/,Reviewed single partner economy; includes countries and territories; M49 name: Thailand,https://unstats.un.org/unsd/methodology/m49/overview/,Comtrade ISO matches UN M49 country/area; map geometry coverage must be checked in visualization phase
768,Togo,Togo,TGO,false,country,verified,TGO,detail,https://comtradeapi.un.org/files/v1/app/reference/partnerAreas.json,2026-09-20T07:14:11.139874+00:00,https://comtradeapi.un.org/files/v1/app/reference/partnerAreas.json ; https://unstats.un.org/unsd/methodology/m49/overview/,Reviewed single partner economy; includes countries and territories; M49 name: Togo,https://unstats.un.org/unsd/methodology/m49/overview/,Comtrade ISO matches UN M49 country/area; map geometry coverage must be checked in visualization phase
776,Tonga,Tonga,TON,false,country,verified,TON,detail,https://comtradeapi.un.org/files/v1/app/reference/partnerAreas.json,2026-09-20T07:14:11.139874+00:00,https://comtradeapi.un.org/files/v1/app/reference/partnerAreas.json ; https://unstats.un.org/unsd/methodology/m49/overview/,Reviewed single partner economy; includes countries and territories; M49 name: Tonga,https://unstats.un.org/unsd/methodology/m49/overview/,Comtrade ISO matches UN M49 country/area; map geometry coverage must be checked in visualization phase
780,Trinidad and Tobago,Trinidad and Tobago,TTO,false,country,verified,TTO,detail,https://comtradeapi.un.org/files/v1/app/reference/partnerAreas.json,2026-09-20T07:14:11.139874+00:00,https://comtradeapi.un.org/files/v1/app/reference/partnerAreas.json ; https://unstats.un.org/unsd/methodology/m49/overview/,Reviewed single partner economy; includes countries and territories; M49 name: Trinidad and Tobago,https://unstats.un.org/unsd/methodology/m49/overview/,Comtrade ISO matches UN M49 country/area; map geometry coverage must be checked in visualization phase
784,United Arab Emirates,United Arab Emirates,ARE,false,country,verified,ARE,detail,https://comtradeapi.un.org/files/v1/app/reference/partnerAreas.json,2026-09-20T07:14:11.139874+00:00,https://comtradeapi.un.org/files/v1/app/reference/partnerAreas.json ; https://unstats.un.org/unsd/methodology/m49/overview/,Reviewed single partner economy; includes countries and territories; M49 name: United Arab Emirates,https://unstats.un.org/unsd/methodology/m49/overview/,Comtrade ISO matches UN M49 country/area; map geometry coverage must be checked in visualization phase
788,Tunisia,Tunisia,TUN,false,country,verified,TUN,detail,https://comtradeapi.un.org/files/v1/app/reference/partnerAreas.json,2026-09-20T07:14:11.139874+00:00,https://comtradeapi.un.org/files/v1/app/reference/partnerAreas.json ; https://unstats.un.org/unsd/methodology/m49/overview/,Reviewed single partner economy; includes countries and territories; M49 name: Tunisia,https://unstats.un.org/unsd/methodology/m49/overview/,Comtrade ISO matches UN M49 country/area; map geometry coverage must be checked in visualization phase
792,Türkiye,Türkiye,TUR,false,country,verified,TUR,detail,https://comtradeapi.un.org/files/v1/app/reference/partnerAreas.json,2026-09-20T07:14:11.139874+00:00,https://comtradeapi.un.org/files/v1/app/reference/partnerAreas.json ; https://unstats.un.org/unsd/methodology/m49/overview/,Reviewed single partner economy; includes countries and territories; M49 name: Türkiye,https://unstats.un.org/unsd/methodology/m49/overview/,Comtrade ISO matches UN M49 country/area; map geometry coverage must be checked in visualization phase
796,Turks and Caicos Isds,Turks and Caicos Islands,TCA,false,country,verified,TCA,detail,https://comtradeapi.un.org/files/v1/app/reference/partnerAreas.json,2026-09-20T07:14:11.139874+00:00,https://comtradeapi.un.org/files/v1/app/reference/partnerAreas.json ; https://unstats.un.org/unsd/methodology/m49/overview/,Reviewed single partner economy; includes countries and territories; M49 name: Turks and Caicos Islands,https://unstats.un.org/unsd/methodology/m49/overview/,Comtrade ISO matches UN M49 country/area; map geometry coverage must be checked in visualization phase
798,Tuvalu,Tuvalu,TUV,false,country,verified,TUV,detail,https://comtradeapi.un.org/files/v1/app/reference/partnerAreas.json,2026-09-20T07:14:11.139874+00:00,https://comtradeapi.un.org/files/v1/app/reference/partnerAreas.json ; https://unstats.un.org/unsd/methodology/m49/overview/,Reviewed single partner economy; includes countries and territories; M49 name: Tuvalu,https://unstats.un.org/unsd/methodology/m49/overview/,Comtrade ISO matches UN M49 country/area; map geometry coverage must be checked in visualization phase
800,Uganda,Uganda,UGA,false,country,verified,UGA,detail,https://comtradeapi.un.org/files/v1/app/reference/partnerAreas.json,2026-09-20T07:14:11.139874+00:00,https://comtradeapi.un.org/files/v1/app/reference/partnerAreas.json ; https://unstats.un.org/unsd/methodology/m49/overview/,Reviewed single partner economy; includes countries and territories; M49 name: Uganda,https://unstats.un.org/unsd/methodology/m49/overview/,Comtrade ISO matches UN M49 country/area; map geometry coverage must be checked in visualization phase
804,Ukraine,Ukraine,UKR,false,country,verified,UKR,detail,https://comtradeapi.un.org/files/v1/app/reference/partnerAreas.json,2026-09-20T07:14:11.139874+00:00,https://comtradeapi.un.org/files/v1/app/reference/partnerAreas.json ; https://unstats.un.org/unsd/methodology/m49/overview/,Reviewed single partner economy; includes countries and territories; M49 name: Ukraine,https://unstats.un.org/unsd/methodology/m49/overview/,Comtrade ISO matches UN M49 country/area; map geometry coverage must be checked in visualization phase
807,North Macedonia,North Macedonia,MKD,false,country,verified,MKD,detail,https://comtradeapi.un.org/files/v1/app/reference/partnerAreas.json,2026-09-20T07:14:11.139874+00:00,https://comtradeapi.un.org/files/v1/app/reference/partnerAreas.json ; https://unstats.un.org/unsd/methodology/m49/overview/,Reviewed single partner economy; includes countries and territories; M49 name: North Macedonia,https://unstats.un.org/unsd/methodology/m49/overview/,Comtrade ISO matches UN M49 country/area; map geometry coverage must be checked in visualization phase
818,Egypt,Egypt,EGY,false,country,verified,EGY,detail,https://comtradeapi.un.org/files/v1/app/reference/partnerAreas.json,2026-09-20T07:14:11.139874+00:00,https://comtradeapi.un.org/files/v1/app/reference/partnerAreas.json ; https://unstats.un.org/unsd/methodology/m49/overview/,Reviewed single partner economy; includes countries and territories; M49 name: Egypt,https://unstats.un.org/unsd/methodology/m49/overview/,Comtrade ISO matches UN M49 country/area; map geometry coverage must be checked in visualization phase
826,United Kingdom,United Kingdom,GBR,false,country,verified,GBR,detail,https://comtradeapi.un.org/files/v1/app/reference/partnerAreas.json,2026-09-20T07:14:11.139874+00:00,https://comtradeapi.un.org/files/v1/app/reference/partnerAreas.json ; https://unstats.un.org/unsd/methodology/m49/overview/,Reviewed single partner economy; includes countries and territories; M49 name: United Kingdom of Great Britain and Northern Ireland,https://unstats.un.org/unsd/methodology/m49/overview/,Comtrade ISO matches UN M49 country/area; map geometry coverage must be checked in visualization phase
842,USA,"USA, Puerto Rico and US Virgin Islands",USA,false,country,verified,USA,detail,https://comtradeapi.un.org/files/v1/app/reference/partnerAreas.json,2026-09-20T07:14:11.139874+00:00,https://comtradeapi.un.org/files/v1/app/reference/partnerAreas.json ; https://unstats.un.org/unsd/methodology/m49/overview/,Reviewed single partner economy; includes countries and territories; M49 name: United States of America,https://unstats.un.org/unsd/methodology/m49/overview/,Comtrade ISO matches UN M49 country/area; map geometry coverage must be checked in visualization phase
858,Uruguay,Uruguay,URY,false,country,verified,URY,detail,https://comtradeapi.un.org/files/v1/app/reference/partnerAreas.json,2026-09-20T07:14:11.139874+00:00,https://comtradeapi.un.org/files/v1/app/reference/partnerAreas.json ; https://unstats.un.org/unsd/methodology/m49/overview/,Reviewed single partner economy; includes countries and territories; M49 name: Uruguay,https://unstats.un.org/unsd/methodology/m49/overview/,Comtrade ISO matches UN M49 country/area; map geometry coverage must be checked in visualization phase
860,Uzbekistan,Uzbekistan,UZB,false,country,verified,UZB,detail,https://comtradeapi.un.org/files/v1/app/reference/partnerAreas.json,2026-09-20T07:14:11.139874+00:00,https://comtradeapi.un.org/files/v1/app/reference/partnerAreas.json ; https://unstats.un.org/unsd/methodology/m49/overview/,Reviewed single partner economy; includes countries and territories; M49 name: Uzbekistan,https://unstats.un.org/unsd/methodology/m49/overview/,Comtrade ISO matches UN M49 country/area; map geometry coverage must be checked in visualization phase
862,Venezuela,Venezuela,VEN,false,country,verified,VEN,detail,https://comtradeapi.un.org/files/v1/app/reference/partnerAreas.json,2026-09-20T07:14:11.139874+00:00,https://comtradeapi.un.org/files/v1/app/reference/partnerAreas.json ; https://unstats.un.org/unsd/methodology/m49/overview/,Reviewed single partner economy; includes countries and territories; M49 name: Venezuela (Bolivarian Republic of),https://unstats.un.org/unsd/methodology/m49/overview/,Comtrade ISO matches UN M49 country/area; map geometry coverage must be checked in visualization phase
876,Wallis and Futuna Isds,Wallis and Futuna Islands,WLF,false,country,verified,WLF,detail,https://comtradeapi.un.org/files/v1/app/reference/partnerAreas.json,2026-09-20T07:14:11.139874+00:00,https://comtradeapi.un.org/files/v1/app/reference/partnerAreas.json ; https://unstats.un.org/unsd/methodology/m49/overview/,Reviewed single partner economy; includes countries and territories; M49 name: Wallis and Futuna Islands,https://unstats.un.org/unsd/methodology/m49/overview/,Comtrade ISO matches UN M49 country/area; map geometry coverage must be checked in visualization phase
887,Yemen,Yemen,YEM,false,country,verified,YEM,detail,https://comtradeapi.un.org/files/v1/app/reference/partnerAreas.json,2026-09-20T07:14:11.139874+00:00,https://comtradeapi.un.org/files/v1/app/reference/partnerAreas.json ; https://unstats.un.org/unsd/methodology/m49/overview/,Reviewed single partner economy; includes countries and territories; M49 name: Yemen,https://unstats.un.org/unsd/methodology/m49/overview/,Comtrade ISO matches UN M49 country/area; map geometry coverage must be checked in visualization phase
